"order","publish","channel","category","detail","url","videoID","abstract","cat2","cat3","description"
"1","yes","Le Réveilleur","Ecologie / Energies","Introduction","","eruVCRrIkCY","Qu'est-ce que l'énergie ? Quelle quantité est nécessaire pour le corps humain, combien en utilise-t-on et comment ?","","","L'énergie est indispensable au vivant et à nos sociétés industrielles. C'est un concept central en physique. Pourtant comprendre ce qu'est l'énergie, ce n'est pas facile... Surtout que la façon dont on utilise le mot couramment ne correspond pas à la réalité. En fait, on devrait plutôt parler d'exergie et on en parle dans la vidéo ! Cette vidéo permet aussi de voir ce que le corps humain utilise comme énergie. On voit aussi que cette quantité est faible par rapport à ce que nous utilisons dans nos sociétés. Le problème, c'est que cette quantité faramineuse d'énergie repose pour beaucoup sur des ressources non-renouvelables et provoque de graves impacts environnementaux. Du coup, l'énergie dans nos sociétés est un sujet extrêmement important. C'est un sujet technique mais aussi, et surtout, politique, social et économique."
"2","yes","Le Réveilleur","Ecologie / Energies / Renouvelables","Hydroélectricité","","71EopUDDJ04","Fonctionnement d'une centrale hydroélectrique, avantages et défauts de l'hydroélectricité, développement présent et futur en France et dans le monde.","","","On va voir l’hydroélectricité en profondeur. Après un petit point sur l’énergie exploitée et le fonctionnement d’une centrale hydroélectrique, on voit quelles sont les différents types d’installations hydroélectriques (3:50): des gros barrages aux petites installations au fil de l’eau. On voit aussi quelques ordres de grandeur (7:52) pour se rendre compte qu’il faut beaucoup d’eau pour alimenter un foyer en électricité. L’un des gros avantage de l’hydroélectricité, c’est son rôle dans la stabilisation du réseau électrique (10:38) parce qu’elle permet le pilotage et le stockage. Je parle également des défauts des barrages, impacts à la constructions, risque d’accidents, effets sur le climat (13:08)… Enfin, je propose un petit résumé de son développement présent et futur en France et dans le monde (19:30)."
"3","yes","Le Réveilleur","Ecologie / Energies / Renouvelables","Eolien","","wXqIZxV6VHE","Fonctionnement d'une éolienne, défauts et avantages, intermittence.","","","Dans cette vidéo, on étudie les éoliennes à fond. Après un petit point sur l’énergie exploitée, le fonctionnement d’une éolienne est présentée. On voit différents types d’éoliennes: terrestres et offshores (6:30). Puis, je parle un peu de l’éolien domestique (9:02). Une fois qu’on a compris comment fonctionne les éoliennes, on s’intéresse aux défauts (10:30): impact sur les oiseaux, impacts sur la santé humaine et utilisation des terres rares. Puis, ce qui est sans doute le plus gros défaut: l’intermittence (17:33). Il faut ensuite parler des avantages, qui sont assez évidents (24:28). Et enfin, je parle un peu de la situation en France et dans le monde (25:28)."
"4","yes","Le Réveilleur","Ecologie / Energies / Renouvelables","Photovoltaique","","hESxYif5pdI","Fonctionnement d'un panneau solaires, ressources nécessaires, recyclabilité et intermittence, situation actuelle.","","","On commence par parler de l’énergie radiative que nous envoie notre cher Soleil. Ensuite, j’explique comment un panneau photovoltaïque fonctionne en me concentrant sur les technologies à base de silicium qui sont largement majoritaires (5:17). Détailler la structure me permet de dire quelques mots sur la recyclabilité de ces panneaux, sur les ressources utilisées et sur la durée de vie. La discussion se porte ensuite (9:46) sur les panneaux sur toit ou en parc. On aborde également l’intermittence (12:00) et le bas facteur de charge (12:57). Mais surtout, je prends le temps d’expliquer une notion hyper importante: le taux de retour énergétique (13:43), avant de voir ce que donne les panneaux photovoltaïques sur cet aspect fondamental On se demande également si la technologie photovoltaïque est bonne pour le climat (24:27). Enfin, on parle de la situation actuelle du photovoltaïque dans le monde et des technologies photovoltaïques prometteuses (27:30) avant de conclure (32:49)."
"5","yes","Le Réveilleur","Ecologie / Energies / Renouvelables","Solaire Thermique","","oDyvDvQ5JkU","Utilisation d'énergie et de chaleur en France, stockage intersaisonnier, rendement et taux de retour énergétique du solaire thermique","","","Dans cette vidéo on parle du solaire thermique. Le solaire thermique est un moyen de production de chaleur qui est peu connu, peut-être parce qu'on sous-estime nos besoins en chaleur. On commence donc par jeter un œil à l'utilisation de l'énergie et de chaleur en France (1:10). J'explique ensuite ce qu'est le solaire thermique et les différents capteurs existants (5:59). Contrairement, à ce qu'on pourrait penser, le stockage de chaleur intersaisonnier est possible (12:10). Pour mieux visualiser à quoi ressemble le solaire thermique, on examine un petit exemple (16:16). On parle ensuite du rendement, du taux de retour énergétique, des matériaux utilisés et des émissions de CO2 que le solaire thermique permet d'éviter (21:02). Enfin, on regarde la situation du solaire thermique dans le monde et en France (26:21) et je discute des freins à son déploiement (29:40) avant de conclure (35:29)."
"6","yes","Le Réveilleur","Ecologie / Energies / Renouvelables","Solaire Thermique","","dykSjXQhSjM","Le solaire à concentration permet de produire de l'électricité. Technologies, avantages, défauts, déploiement actuel dans le monde et perspectives.","","","Dans cette vidéo, on parle du solaire à concentration. Le solaire à concentration est une technologie majoritairement utilisé pour produire de l'électricité. En effet, concentrer le soleil permet de produire suffisamment de chaleur pour faire fonctionner une centrale thermique en utilisant le soleil comme source chaude. J'expose d'abord les différentes technologies: miroirs cylindro-paraboliques, miroirs de Fresnel et tours solaires (2:37). Je parle ensuite de l'immense avantage du solaire à concentration: la capacité de stockage qui dépend fortement du fluide caloporteur utilisé (6:36). Les questions techniques (rendement, taux de retour énergétique, émissions de CO2) sont ensuite abordées (17:20). Par contre, le solaire à concentration est encore très faiblement déployé dans le monde, j'explique donc pourquoi (22:45) avant de parler de son potentiel déploiement futur. Enfin, j'aborde la chaleur industrielle et les autres utilisations du solaire à concentration (30:16)."
"7","yes","Le Réveilleur","Ecologie / Energies / Stockage","stockage d'énergie mécanique","","ECXJ5rTNi74","Comment stocker de l'énergie sous forme mécanique ?","","","Dans cette vidéo, on parle du stockage de l'énergie sous forme mécanique. On commence par les stations de transfert d'énergie par pompage (STEP). Les STEP permettent de stocker de grande quantité d'énergie en pompant de l'eau. Elles constituent plus de 99% du stockage de l'électricité dans le monde. Elles sont tellement avantageuses par rapport aux autres technologies qu'on veut en faire à partir d'anciennes mines, en mettre au bord de la mer, voir en construire sous forme d'atolls artificiels (6:48). Ensuite, j'utilise un petit exemple pour illustrer les difficultés à juger de la pertinence et du coût d'un moyen de stockage (8:58). Je parle également des volants d'inertie qui permettent de stocker de l'énergie sous forme cinétique dans une masse en rotation (19:42). Les volants d'inertie ont des applications différentes des STEP et j'en profite pour évoquer les volants d'inertie en béton dont la vidéo m'a beaucoup été envoyé (22:57). Enfin, je discute du stockage par air comprimé (29:00). Une technologie prometteuse mais dont le rendement est aujourd'hui faible et le développement incertain."
"8","yes","Le Réveilleur","Ecologie / Energies / Nucléaire","Radioactivité","","0tlx_JJkHWc","Radioactivité naturelle et exposition aux différentes sources de radioactivité.","","","Dans cette vidéo, je vous parle de la radioactivité. On fait un petit point sur ce phénomène physique découvert il y a plus d'un siècle. Cela permet de se rendre compte que la radioactivité existe naturellement et qu'on est tous exposé à des rayonnements ionisants. Non seulement, on ingère et respire des radionucléides (ce qui nous rend techniquement radioactif) mais on est également exposé au rayonnement issu de la décroissance radioactif des radionucléides primordiaux présents dans le sol et au rayonnement cosmique. L'exposition à ces sources naturelles est bien supérieure à l'exposition aux rejets des centrales nucléaires, aux résidus des essais militaires et aux retombées des accidents. Certaines pratiques médicales constituent l'immense majorité de l'exposition (volontaire) à des sources artificielles de radioactivité."
"9","yes","Le Réveilleur","Ecologie / Energies / Stockage","","","S6Y4XVa8tew","Peut-on stocker de l'énergie avec du béton ?","","","Dans cette vidéo, je vous parle d’une solution de stockage qui m’avait échappé. Une start-up envisage de stocker de l’énergie sous forme potentielle en empilant des blocs de béton. L’installation n’existant pas encore, je me livre à quelques raisonnements pour juger la pertinence de cette invention sur les promesses des concepteurs. C’est un exercice un peu périlleux et j’espère que ça vous plaira !"
"10","yes","Le Réveilleur","Ecologie / Energies / Nucléaire","dangers réels du nucléaire","","utyT8Z4qEaA","Impacts sanitaires réels de quelques catastrophes nucléaires.","","","Mesure des rayonnement (4:19) 
Effets Déterministes (7:48)
Effets Stochastiques (14:39)
Impact sanitaires des Bombes d’Hiroshima et Nagasaki (18:58)
Connaissances sur les doses inférieurs à 100mSv (26:41)
Impacts sanitaires : Tchernobyl (33:53)
Impacts sanitaires : Fukushima (43:42)
Conclusion (50:17)"
"11","yes","Le Réveilleur","Ecologie / Energies / Nucléaire","dangers réels du nucléaire","","smGve9f6kpQ","Résumé: Impacts sanitaires réels de quelques catastrophes nucléaires.","","","Résumé de la vidéo précédente sur les impacts sanitaires du nucléaire."
"12","yes","Le Réveilleur","Ecologie / Energies / Nucléaire","Ressources d'Uranium","","uIXEnRB7TXc","Ressources mondiales en uranium, prix et extraction, enrichissement et surgénération.","","","Bienvenue dans cette vidéo où je vous parle d'abord des ressources ultimes d'uranium, de quelques considérations sur le prix de cette ressource et des ressources non conventionnelles. On voit ensuite comment (et par qui) l'uranium est extrait. J'explique aussi la fission nucléaire et l'incroyable densité énergétique de l'uranium avant d'aborder l'enrichissement. Je finis en parlant de la surgénération avant de conclure."
"13","yes","Le Réveilleur","Ecologie / Energies / Nucléaire","Centrales Nucléaires","","HMystmGbctw","Fonctionnement des centrales nucléaires, sûreté, durée de vie et entretien.","","","Dans cette vidéo, je vous parle du fonctionnement des centrales nucléaires et, plus précisément, des réacteurs à eau pressurisée puisque c'est la technologie dominante dans le monde et la seule exploitée en France. Après une explication du fonctionnement, on s'intéresse plus précisément à l'évacuation de la chaleur et aux besoins en eau (13:35), ce qui m'amène à parler des effets des canicules (16:56). Je parle ensuite des rejets des centrales en fonctionnement normal et notamment du tritium (20:08). J'aborde ensuite un sujet peu évoqué: la cogénération nucléaire, donc la possibilité de produire de la chaleur avec le nucléaire (24:53). Enfin, je vous parle des émissions de dioxyde de carbone (28:23), du facteur de charge (30:05), du caractère pilotable du nucléaire (31:40), du taux de retour énergétique (34:35), de la sûreté (et notamment des barrières de confinement) (35:38) pour finir par la durée de vie et l'entretien des centrales nucléaires (37:44)."
"14","yes","Le Réveilleur","Ecologie / Energies / Nucléaire / Déchets","Déchets radioactifs","","yZ4FmDB_MXE","Combustible nucléaire usé, stockage géologique, transmutation et démantèlement des centrales nucléaires","","","Dans cette vidéo, je fais un résumé du sujet des déchets radioactifs qui m'a occupé pendant quelques mois. J'y parle notamment:
- du combustible nucléaire usé (3:05) 
- du stockage géologique profond qui est la solution proposée pour la gestion à long terme des déchets radioactifs les plus dangereux (10:38)
- de la transmutation (16:02)
- des autres catégories de déchets radioactifs (17:42)
- et du démantèlement des centrales nucléaires (21:17)"
"15","yes","Le Réveilleur","Ecologie / Energies / Réseau Electrique","Energies intermittentes","","m5zl8NWMfWE","Adaptation du réseau électrique avec l'arrivée de sources d'énergie intermittentes.","","","Dans cette vidéo, je regarde quelles sont les contraintes que la physique de l'électricité et du réseau électrique impose aux différents modes de production. J'explique d'abord comment les réseaux électriques fonctionnaient jusque-là avec des centrales électriques fonctionnant ""en base"" et d'autres modulant leur production pour ajuster la production électrique à la demande. L'arrivée de moyens de production dits intermittents, notamment la production éolienne et photovoltaïque, chamboulent ce fonctionnement historique. Puisqu'on ne contrôle pas la météo, la variabilité de ces moyens de productions est subie et le reste du système de production électrique doit s'adapter en conséquence.

Je quantifie cette intermittence (10:47). Je parle ensuite du foisonnement (13:56), l'idée que vu qu'il y aurait toujours du vent quelque part, il suffirait de répartir géographiquement les moyens renouvelables intermittents pour pallier l'intermittence. Ce qui nous amène à parler un peu des échanges d'électricité entre pays européens (20:02). Enfin, je parle de l'écrêtement (22:55), la possibilité de surdimensionner les moyens de production intermittents pour augmenter la part de l'électricité pouvant être produit par ces moyens au prix d'une faible surproduction."
"16","yes","Le Réveilleur","Ecologie / Energies / Réseau Electrique","Energies intermittentes","","uXrhrIw-mwk","Contraintes que les moyens de production intermittents imposent sur la structure du réseau électrique.","","","Dans cette vidéo, je continue de regarder quelles sont les contraintes que la physique de l'électricité et du réseau impose aux moyens de production intermittents (éolien et photovoltaïque). Après un passage rapide sur le stockage (2:28) qui aura le droit à d'autres vidéos, je parle du couplage sectoriel (6:09) et du pilotage de la demande (9:30). Comme toutes les techniques abordées ne sont pas suffisantes pour gérer l'intermittence, il faut compléter la production avec des moyens de production pilotables (13:55).

Je vous parle ensuite de l'effet des moyen de productions intermittent sur la structure du réseau électrique (18:37), sur l'équilibrage du réseau électrique (20:03) et sur son inertie (27:33). C'est le moment de se rendre compte que les moyens intermittents ne participent pas à la stabilité du réseau électrique ou à sa résistance à des perturbations. Je finis en parlant des coûts d'intégration, de leur évolution en fonction du pourcentage de moyens intermittents (31:03) et de la production électrique européenne (37:56)."
"17","yes","Le Réveilleur","Ecologie / Energies / Nucléaire / Déchets","Déchets radioactifs","","p0zX8eUW_jQ","Définition d'un déchet radioactif. Comment les déchets sont-ils retraités et stockés ?","","","Dans cette vidéo, j'introduis le sujet des déchets radioactifs. J'explique rapidement ma méthode et je donne quelques sources utiles. Je définis ensuite ce qu'est un déchet radioactif et j'oriente la vidéo vers les déchets dits de ""haute activité"" qui sont les plus dangereux. C'est l'occasion de rappeler la différence entre danger et risque qui est fondamentale pour bien comprendre cette question. Je m'intéresse ensuite à ce qu'il y a dans le combustible usé des centrales nucléaires et la façon dont on le gère. Après un entreposage obligatoire en piscine, le combustible usé est entièrement considéré comme un déchet radioactif dans certains pays (dont les États-Unis) avant d'être entreposé à sec. D'autres pays (dont la France) ont fait le choix de retraiter le combustible et donc de séparer les éléments les plus gênants (produits de fission et actinides mineurs) des éléments valorisables (uranium et plutonium)."
"18","yes","Le Réveilleur","Ecologie / Energies / Nucléaire / Déchets","Déchets radioactifs","","yr-tn-Xj-vw","Comment réduire la toxicité des déchets radioactifs ?","","","Dans cette seconde vidéo sur les déchets radioactifs, j'explique comment on essaye de réduire la radiotoxicité des déchets radioactifs. Je parle donc de la transmutation. La logique de la transmutation des déchets radioactifs est de modifier la structure de certains radionucléides pour les rendre moins dangereux. La transmutation a des avantages mais également des défauts qui limitent considérablement son usage aujourd'hui et questionne son usage à l'avenir (7:18). J'aborde notamment la transmutation par laser qui a beaucoup fait parler d'elle, malgré des applications limitées (9:18). Je me penche ensuite sur le MOx (14:50): ce combustible qu'on produit à partir du plutonium issu du retraitement et de l'uranium appauvri. C'est l'occasion de parler de l'utilisation potentielle du plutonium de retraitement dans des bombes nucléaires et des avantages environnementaux du MOx qui est, au final, une forme de recyclage partielle des déchets nucléaires. Enfin, je discute un peu de l'influence du futur du nucléaire (déploiement d'une quatrième génération ou arrêt du nucléaire) sur la question des déchets radioactifs (32:36) avant de conclure (38:24)."
"19","yes","Le Réveilleur","Ecologie / Energies / Nucléaire / Déchets","Déchets radioactifs","","8ef25x7sM-I","Quels sont les différents types de déchets nucléaires et comment démanteler une centrale nucléaire ? (enjeux, coûts...)","","","Dans cette troisième vidéo, on va s'intéresser à tous les déchets radioactifs ! Dans un premier temps (1:56), je vous parle des déchets radioactifs à vie très courte (avec une période radioactive de moins de 100 jours) qui sont majoritairement produits par le médical. Je vous parle ensuite (8:32) des déchets radioactifs de moyenne activité à vie longue qui posent des problèmes assez proches des déchets de haute activité dont on a parlé dans les deux dernières vidéos. Ces déchets sont radioactifs à cause du phénomène d'activation neutronique qui est aussi responsable de la radioactivité résiduelle dans les centrales nucléaires à l'arrêt. C'est donc l'occasion de vous parler du démantèlement des centrales nucléaires (15:00). Je vous explique comment on démantèle, quels sont les enjeux, les coûts... etc. Du coup, j'aborde deux autres catégories de déchets qui forment l'essentiel des déchets produits par le démantèlement des centrales nucléaires: les déchets de faible et moyenne à vie courte (25:00) et les déchets radioactifs de très faible activité (26:38). Après un passage par la dernière catégorie de déchets radioactifs, celle des déchets de faible activité à vie longue (39:18), il est temps de conclure (43:15)."
"20","yes","Le Réveilleur","Ecologie / Energies / Nucléaire / Déchets","Déchets radioactifs","","E3YLYzs_1Es","Comment s’assurer que la radioactivité des déchets de haute activité et de moyenne activité à vie longue ne présente pas de risques pour l’environnement et les sociétés humaines sur le long terme ?","","","Dans cette quatrième vidéo sur les déchets radioactifs, je vous parle enfin du mode préférentielle pour la gestion à long terme (sur des dizaines de milliers d'années) des déchets radioactifs les plus dangereux: le stockage géologique profond.  Après un résumé rapide des épisodes précédents, je rappelle la problématique: Comment s’assurer que la radioactivité des déchets de haute activité et de moyenne activité à vie longue ne présente pas de risques pour l’environnement et les sociétés humaines sur le long terme.

Je présente les principes généraux du stockage géologique profond avant d'exposer la fascinante anecdote des réacteurs naturels d'Oklo (10:28). Je me concentre ensuite le projet Cigéo: le projet français de stockage géologique profond (14:22). J'y aborde pleins d'aspects différents: refroidissement des colis (17:33), impacts des fuites de radionucléides (22:26) ou encore la question de la mémoire (24:42). Je prends aussi le temps d'expliquer l'impact de ce stockage sur les émissions de CO2 du nucléaire (32:40) et je touche quelques mots des opposants et de Greenpeace en particulier (35:39) avant de conclure (39:00)."
"21","yes","Le Réveilleur","Ecologie / Energies / Nucléaire / Déchets","Déchets radioactifs","","_GvOOfDA-E0","Alternatives au stockage géologique profond pour les déchets nucléaires","","","Dans cette vidéo, je vous parle des alternatives au stockage géologique profond: - Les immersions de déchets solides en mer (0:20) - Les rejets liquides qui ont encore lieu (2:50) - Le stockage dans les fonds marins ou utilisant la subduction (5:07) - L'envoi de déchets dans l'espace (5:47) - Leur stockage dans des glaciers (6:30) - Les stocker sur des sites déjà contaminés (Tchernobyl, mines... etc) (6:55) - Le stockage en forage (7:30). On voit ensuite un mode de gestion possible en cas de catastrophe (9:18), les problématiques de l'hydrogène, des déchets bitumineux et des incendies (10:40) et le stockage géologique ailleurs dans le monde (13:57)."
"22","yes","Le Réveilleur","Ecologie / Biodiversité","biodiversité","","QYixeo0Nb6U","Biodiversité: définition, utilité pour la société.","","","Je vous parle de biodiversité. Qu’est-ce que c’est que la biodiversité ? Et bien… c’est un peu plus compliqué qu’on ne le pense parce que c’est à la fois la diversité génétique au sein d’une espèce, la diversité des espèces et la diversité des écosystèmes. Et la biodiversité, on devrait y faire bien attention parce qu’elle rend d’immenses et indispensables services à nos sociétés. Se soucier de la biodiversité peut être un point de vue purement économique et utilitariste… Pourtant, nos activités engendrent des impacts colossaux sur la biodiversité qui se réduit de jour ou jour…"
"23","yes","Le Réveilleur","Sciences de la nature / Géologie","anthropocène","","n85obqP4CGE","Qu'est ce que l'Anthropocène, cette nouvelle ère géologique dominée par l'impact de l'homme sur la nature ?","","","Je vous parle de l’Anthropocène. Une proposition d’époque géologique pour souligner le fait que l’homme est maintenant une force dominante dans l’évolution de notre planète. Mais, qu’est-ce qu’une époque géologique ? On a tant d’impact que ça sur notre planète ? Quand faire commencer cette époque géologique ? Qui a le dernier mot sur cette histoire ? Tant de questions passionnantes auxquelles j’essaie de répondre dans cette vidéo."
"24","yes","Le Réveilleur","Ecologie / Epuisement des ressources","phosphore","","gqfXMDK3dnE","Rôle du phosphore dans les écosystèmes, dans l'agriculture. Comment se renouvelle-t-il ?","","","Dans cette vidéo, je vous parle du phosphore. Le phosphore fait partie des substances minérales critiques. C’est un élément chimique indispensable à la vie. On le trouve dans tous les êtres vivants. Il circule dans les écosystèmes jusqu’à être bloqué dans les sédiments. Une fois que la tectonique des plaques fait remonter à la surface les roches sédimentaires ainsi formées, l’érosion fait de nouveau rentrée ce phosphore dans le cycle du vivant. 

Comme le phosphore est un élément limitant pour le vivant, en ajouter dans nos cultures augmente considérablement les rendements agricoles. Ce phosphore est extrait de roches phosphatées qui sont le résultat de la concentration du phosphore sur une très longue période et il y a très longtemps. Malheureusement, c’est une ressource non renouvelable et son épuisement va poser de nombreux problèmes."
"25","yes","Le Réveilleur","Ecologie / Epuisement des ressources","pétrole","","TU3KZ7VUhwU","Quand les ressources en pétrole seront-elles épuisées ?","","","Dans cette vidéo, j'aborde un sujet compliqué et polémique : le pic pétrolier. Le pic pétrolier est le maximum mondial de la production de pétrole. Son existence est une évidence mathématique mais savoir quand il aura lieu est compliqué. Le pétrole, moteur de notre économie, est une ressource non renouvelable. Son épuisement est un immense défi pour nos sociétés et sa consommation entraine de la pollution sous différentes formes, ce qui pose également des problèmes. Pour y voir un peu plus clair, je présente quelques faits scientifiques, ainsi que des pistes de réflexions sur la situation d'aujourd'hui et celle de demain."
"26","yes","Le Réveilleur","Ecologie / Epuisement des ressources","métaux","","XLRUcdMbZ_M","Rôle de différents métaux dans nos sociétés, ressources et remplacement par d'autres matériaux.","","","Dans cette vidéo, on parle des métaux et plus particulièrement de l’épuisement des métaux. En fait, ce qu’on épuise ce ne sont pas les métaux mais des minerais suffisamment concentrés pour être utiles à nos sociétés. C’est une question primordiale parce que ces métaux sous-tendent une grande partie de notre économie et sont nécessaires aux technologies émergentes (électronique, énergies renouvelables… etc).

Tous les métaux ne posent pas problèmes mais certains sont considérés comme “critiques” pour notre économie. Pour évaluer la criticité des métaux, on a plusieurs critères. 1) La disponibilité géologique de minerais exploitables. 2) L’impact environnemental de l’extraction et l’affinage de ces métaux. 3) La possibilité de substituer ou non le métal étudié. Ces critères mettent en avant les métaux qui vont nous poser le plus de problèmes. Après cette analyse scientifique, je parle de la question complexe du recyclage et je propose quelques pistes de réflexions."
"27","yes","Le Réveilleur","Ecologie / Epuisement des ressources","poissons","","PQ7aQI7x7ng","Le poisson est-il une ressource renouvelable ? Dans quelles conditions ?","","","Dans cette vidéo on parle de la pêche et hélas de la surpêche. Parler des poissons en tant que ressource permet de comprendre sous quelles conditions cette ressource peut-être renouvelable. De nombreuses ressources considérées comme renouvelables ne le sont que si l’on gère  correctement les stocks de ces ressources. Et on voit que pour les poissons c’est loin d’être le cas. On réfléchit donc à quoi pourrait ressembler une pêche durable."
"28","yes","Le Réveilleur","Ecologie / Epuisement des ressources","eau","","le2qF9kTRfE","Utilisation de l'eau sur terre.","","","Dans cette vidéo, on parle du problème du stress hydrique. On commence d’abord comment l’eau est répartie sur Terre et comment on l’utilise. C’est l’occasion de se rendre compte que l’usage domestique directe de l’eau ne correspond qu’à une faible fraction de l’eau utilisée par les sociétés humaines. On fait également le point sur différents indicateurs utilisés pour parler de l’eau. Étudier le stress hydrique montre que ça touche tous les continents et de nombreux pays. La question de l’eau est également appelée à évoluer dans l’avenir à cause du fort impact du changement climatique sur le cycle de l’eau."
"29","yes","Le Réveilleur","Ecologie / Pollution","pollution de l'air","","PoEf2u3BLWg","Pollution de l'air, impacts sanitaires, solutions potentielles.","","","Dans cette vidéo, je vous parle de la pollution de l'air, à la fois intérieur et extérieur. C'est le premier facteur de risque environnemental pour la santé humaine. La pollution de l'air est responsable de 7 millions de morts par an dans le monde (d'après l'OMS). On verra donc quels sont les polluants concernés et quels activités les émettent. Ce qui nous permettra de comprendre ce qu'il faut faire pour agir dessus."
"30","yes","Le Réveilleur","Ecologie / Pollution","prolifération d'algues","","uGp3FuQnQWU","Pourquoi certains environnements subissent-ils une prolifération spectaculaire d'algues ? ","","","Dans cette vidéo, je vous parle d'eutrophisation. L'eutrophisation est un pollution qui apparaît quand un milieu est trop riche en nutriments. On observe surtout l'eutrophisation dans les milieux aquatiques où elle est causée par un excès de nitrates et de phosphates dans la majorité des cas. On observe une prolifération spectaculaire d'algues et de cyanobactéries qui peut considérablement endommager l'écosystème étudié. Dans le pire des cas, ce phénomène crée des zones mortes, des zones aquatiques dépourvues d'oxygène rendues impropres à presque toutes les formes de vie.

La meilleure façon de lutter contre est de diminuer nos rejets en nitrates et phosphates. Cela implique des changements de nos façons de produire mais aussi, possiblement, de consommer."
"31","yes","Le Réveilleur","Ecologie / Pollution","trou dans la couche d'ozone","","qgIJnsOo2uc","A quoi était du le trou dans la couche d'ozone et comment le monde a-t-il réagi ?","","","Je vous parle ici de l'histoire du trou dans la couche d'ozone. J'explique ce qu'est l'ozone, quel est son rôle dans l'atmosphère, ce que sont les différents types d'ultra-violets et les CFCs. Je vous présenter les élèments scientifiques et la façon dont le monde politique, le monde économique et le grand public a su réagir pour régler un des plus gros problème environnemental du siècle dernier. "
"32","yes","Le Réveilleur","Ecologie / Pollution","pesticides et solvants","","_EsWhSS7L6o","Quel est l'impact des pesticides, médicaments, solvants, etc.. sur l'environnement ?","","","Les polluants organiques persistants regroupent de nombreux pesticides, médicaments, solvants, produits industriels... etc. Ces polluants partagent plusieurs propriétés, évidemment en tant que polluants, ils ont des effets néfastes sur l'environnement et la santé humaine. Ils persistent dans l'environnement car ils résistent bien aux diverses phénomènes de dégradation. Ils peuvent se déplacer sur de longues distances. Et leur caractère organique leur permet de s'accumuler dans les organismes vivants en se concentrant au fur et à mesure de la chaîne alimentaire."
"33","yes","Le Réveilleur","Ecologie / Pollution","pollution plastique","","G-6EtbJeMoE","Problèmes causés par la pollution plastique dans le monde.","","","Ici, je vous parle de la pollution plastique. Les plastiques constituent une famille de matériaux extrêmement utiles. Leur facilité de fabrication et leurs intéressantes propriétés physiques leur ont permis de supplanter beaucoup de matériaux traditionnels. Cela a entraîné une prolifération des plastiques. Malhereusement, certains de ces plastiques se retrouvent dans l'environnement où ils ont des effets néfastes. Les plus gros déchets vont entraîner la mort de nombreux animaux (surtout dans le milieu marin) et peuvent disséminer des espèces invasives. Les micro-plastiques se retrouvent partout autour de nous et affectent de nombreuses espèces animales, déstabilisant de nombreuses chaînes alimentaires. Ils peuvent servir de concentrateur et de diffuseur pour les polluants organiques persistants. Malgrè une prise de conscience du problème, il reste encore beaucoup de chemin pour limiter l'impact sur l'environnement de notre (sur)consommation de plastiques."
"34","yes","Le Réveilleur","Ecologie / Changement Climatique","Constat","","8WxE3-gMjPo","Changement climatique, consensus scientifique et perception par la population.","","","On commence à parler du changement climatique en faisant le constat 1) de son existence 2) du consensus scientifique à son sujet 3) de la différence de perception entre les scientifiques et la population."
"35","yes","Le Réveilleur","Ecologie / Changement Climatique","Bilan radiatif","","By0iFhyvhqM","Bilan d'énergie pour le système terre.","","","Dans cette vidéo, j’essaye d’expliquer le bilan radiatif de la Terre. En gros, d’où vient l’énergie qui rentre dans notre système ? Qu’est-ce qu’elle devient ? Quelles sont les principaux mécanismes qui gèrent le climat terrestre."
"36","yes","Le Réveilleur","Ecologie / Changement Climatique","Part de la nature","","-lVsU6HPtKY","Phénomènes naturels impactant le climat","","","Dans cette vidéo, on regarde comme les trois phénomènes naturels les plus importants pour les variations à court terme affectent notre climat. Puis, leur impact est filtré de la courbe de température pour faire apparaître une nette tendance à la hausse."
"37","yes","Le Réveilleur","Ecologie / Changement Climatique","Part de l'homme","","zWRnLjPPTA8","Quelle est la part de l'homme dans le changement climatique récent ?","","","On s’intéresse, ici, à la part de l’homme dans le changement climatique récent. On commence par constater l’augmentation du CO2 avant de s’assurer que les activités humaines en sont bien la cause. En suite, je présente une série de “signatures”, des observations ou mesures qui montrent clairement l’impact de l’homme sur le système climatique. Enfin, je présente la synthèse des travaux qui quantifient la part de l’homme dans le changement climatique récent."
"38","yes","Le Réveilleur","Ecologie / Changement Climatique","périodes glaciaires","","Jvh1YzJ5bTk","Causes de l'alternance des périodes glaciaires et interglaciaires.","","","On s’intéresse, ici, à l'alternance des périodes glaciaires et interglaciaires. Pour cela, il faut parler de l'évolution des paramètres orbitaux de la Terre, ce qu'on appelle des paramètres de Milankovitch. Mais, ces paramètres ne permettent pas d'expliquer, seul, les différences de températures observées dans le passé récent. On s'intéresse donc aux rétroactions de notre système climatique (au temps longs). Une dernière partie est consacrée à un des arguments fallacieux les plus souvent utilisés par les climato-dénialistes. Ce qui apprend à y répondre mais aussi comment on peut manipuler certaines idées. "
"39","yes","Le Réveilleur","Ecologie / Changement Climatique","vapeur d'eau et nuage","","oqLACDUV6OE","Quelle est le rôle des nuages dans le climat ? ","","","On s’intéresse, ici, à l'influence des nuages et de la vapeur d'eau dans notre système climatique. Quel est leur effet net ? Comment réagissent-ils au changement climatique ? Quels sont les inconnues à leur sujet ?"
"40","yes","Le Réveilleur","Ecologie / Changement Climatique","modèles climatiques","","3kSk5EOx5DI","Qu'est ce qu'un moodèle climatique, qui les fabrique et comment ils fonctionnent ?","","","Dans cette vidéo on s'intéresse aux modèles climatiques. Je commence par différencier météo et climat pour comprendre pourquoi on peut prédire le climat au long terme mais pas la météo. Ensuite on regarde ce qu'est un modèle climatique, qui les fabrique, comment ils fonctionnent, comment ils sont vérifiés et ce qu'ils nous apprennent sur le climat de demain."
"41","yes","Le Réveilleur","Ecologie / Changement Climatique","le réveil","","80jbj7jwEhY","Conclusion : mécanismes physiques du changement climatique.","","","Une vidéo pour conclure la série sur les mécanismes physiques derrière le changement climatique. J'y donne des chiffres et des comparaisons qui permettent de se rendre compte de l'ampleur de nos rejets de CO2, de ce que veux dire quelques degrés de plus pour la température globale ou encore de la quantité énorme d'énergie que notre planète accumule toutes les secondes à cause du réchauffement climatique d'origine humaine."
"42","yes","Le Réveilleur","Ecologie / Changement Climatique","niveau de la mer","","yvtH89KvqbM","Pourquoi les mers et océans montent ? Quelles conséquences ?","","","Une vidéo où l'on parle de l'élévation du niveau de la mer. On comprend pourquoi les mers et les océans montent et on a quelques repères sur ce que cela va engendrer. Si ce problème est réel, c'est un phénomène lent, relativement éloigné de la vision cataclysmique que certains ont. "
"43","yes","Le Réveilleur","Ecologie / Changement Climatique","acidification des océans","","vtTlQ0HZZ2g","Acidification des océans: causes, conséquences, rôle du CO2.","","","Cette fois, on parle d'une conséquence grave de nos émissions de CO2 qui n'est pas le changement climatique : l'acidification des océans. Ce phénomène, assez peu connu, va avoir un impact important sur les écosystèmes marins. L'idée de pouvoir voir disparaître les coraux en une génération est quand même assez frappante. 

Si vous voulez comprendre comment le CO2 acidifie les océans ou l'impact que cela va avoir, vous êtes au bon endroit. (Au moins, ce phénomène présente l'avantage d'être moins remis en cause que le changement climatique). "
"44","yes","Le Réveilleur","Ecologie / Changement Climatique","changement climatique en france","","yFQoVRkXIiE","Déplacement des zones climatiques, perturbation de la faune, la flore, du cycle de l'eau...","","","Cette fois on parle de l'évolution du climat. Comme c'est un sujet vaste, on va regarder les effets en France. Au programme, déplacement des zones climatiques, intensification du cycle de l'eau, augmentation des évènements climatiques extrêmes, déplacement et modification de la faune et flore. Rassurez-vous, les français ne sont pas les plus à plaindre."
"45","yes","Le Réveilleur","Ecologie / Changement Climatique","dans le monde","","wtQ_DHQpjjM","Liste non exhaustive des impacts du changement climatique sur nos sociétés humaines.","","","Je vous parle ici du changement climatique dans le monde. Evidemment, c'est un sujet extrêmement vaste alors j'ai dû sélectionner que certains éléments... Vous y trouverez donc une liste non-exhaustive des impacts qui met en évidence la gravité de la question mais également que ces impacts existent déjà et qu'ils ne sont pas l'affaire des générations futures. Je reviens rapidement sur un cas particulier pour comprendre comment ces impacts peuvent modifier nos société. Pour finir, on jette un coup d'oeil à l'armée américaine qui a déjà compris la réalité du changement climatique et de ces implications."
"46","yes","SEB","Musique / Culture Musicale","histoire du rap","","MKQJ4TK1SHU","D'où vient le rap ?","","","Les origines du rap ? J'ai essayé de résumer ce qu'on pourrait appeler ""l'histoire du rap"". J'espère que le travail vous plaira !
Je n'ai pas la prétention de tout connaître ou d'avoir le mot de la fin, c'est juste un travail de documentation au final, l'erreur est possible !
Ce docu a été présenté à l'occasion de la première édition du Pop Corner. 
Enjoy, et n'hésitez pas à me dire si cela vous a plu en commentaire, je lis tout xoxo"
"47","yes","SEB","Musique / Culture Musicale","anecdote","","JqtHXhwqKOw","L'histoire de Milli Vanilli, le succès de deux faux chanteurs.","","","Je vous raconte la plus grande escroquerie de l'histoire de la musique.
Milli Vanilli : le succès de 2 faux chanteurs..."
"48","yes","SEB","Musique / Culture Musicale","culture","","gZ3UA9QxAhw","Qu'est-ce qu'une reference track ? Quelques exemples ultra connus.","","","Petite vidéo divertissante à propos des ""reference tracks"".
Explication et papotage.
De l'amour sur vous."
"49","yes","SEB","Musique / Culture Musicale","autotune","","TH-rw8xrAoI","L'autotune : d'où ça vient, comment ça marche, qui l'utilise ?","","","Petite vidéo de documentation sur l'Autotune et ce qui tourne autour de la modification vocale dans la musique..."
"50","yes","SEB","Musique / Culture Musicale","sample","","PGF3zxXqldg","Inspirations de quelques mélodies très connues.","","","D'où viennent les mélodies que tu connais ? Plagiat musicaux ou simple sampling ? La musique a-t-elle une limite ?"
"51","yes","SEB","Musique / Culture Musicale","anecdote","","GXGrDUT_TV0","L'histoire d'une légende: Sixto Rodriguez.","Insolite / Personnalités","","Sûrement l'une des histoires les plus folles et insolites de l'histoire de la musique, celle de : Sixto Rodriguez."
"52","yes","Jean-Marc Jancovici","Ecologie / Energies","énergie","","xgy0rW0oaFI","Qu'est ce que l'énergie et combien en utilise-t-on ?","","","Partie 1 du cours de Jean-Marc Jancovici à l’École des Mines de Paris en Mai 2019"
"53","yes","Jean-Marc Jancovici","Ecologie / Energies / Fossiles","fossile","https://www.youtube.com/watch?v=1NHPgrH5lcQ&list=PLMDQXkItOZ4LPwWJkVQf_PWnYHfC5xGFO&index=2","1NHPgrH5lcQ","Gaz, pétrole, gaz de schiste... comment tire-t-on parti des fossiles enfouis dans le sol ?","","","Partie 2 du cours de Jean-Marc Jancovici à l’École des Mines de Paris en Mai 2019"
"54","yes","Jean-Marc Jancovici","Ecologie / Changement Climatique","changement climatique","https://www.youtube.com/watch?v=l8pdSClyRds&list=PLMDQXkItOZ4LPwWJkVQf_PWnYHfC5xGFO&index=3","l8pdSClyRds","Fonctionnement du climat, réchauffement climatique","","","Partie 3 du cours de Jean-Marc Jancovici à l’École des Mines de Paris en Mai 2019"
"55","yes","Jean-Marc Jancovici","Ecologie / Changement Climatique","changement climatique","https://www.youtube.com/watch?v=JKoRsO5fkAQ&list=PLMDQXkItOZ4LPwWJkVQf_PWnYHfC5xGFO&index=4","JKoRsO5fkAQ","Impacts du changement climatique : biodiversité, agriculture, météo...","","","Partie 4 du cours de Jean-Marc Jancovici à l’École des Mines de Paris en Mai 2019"
"56","yes","Jean-Marc Jancovici","Ecologie","économies","https://www.youtube.com/watch?v=PEY6LmscKc4&list=PLMDQXkItOZ4LPwWJkVQf_PWnYHfC5xGFO&index=5","PEY6LmscKc4","Comment consommer moins pour émettre moins ?","","","Partie 5 du cours de Jean-Marc Jancovici à l’École des Mines de Paris en Mai 2019"
"57","yes","Jean-Marc Jancovici","Ecologie / Energies / Nucléaire","nucléaire","https://www.youtube.com/watch?v=t0Xp6CCte0U&list=PLMDQXkItOZ4LPwWJkVQf_PWnYHfC5xGFO&index=6","t0Xp6CCte0U","Nucléaire : fonctionnement, déchets, couts, politique.","","","Partie 6 du cours de Jean-Marc Jancovici à l’École des Mines de Paris en Mai 2019"
"58","yes","Jean-Marc Jancovici","Ecologie / Energies / Renouvelables","renouvelables","https://www.youtube.com/watch?v=Z4teA8ciuRU&list=PLMDQXkItOZ4LPwWJkVQf_PWnYHfC5xGFO&index=7","Z4teA8ciuRU","Renouvelables : solaire, éolien, hydroélectricité, fonctionnement technique et mise en oeuvre pratique.","","","Partie 7 du cours de Jean-Marc Jancovici à l’École des Mines de Paris en Mai 2019"
"59","yes","Jean-Marc Jancovici","Ecologie / CO2","comptabilité carbone","https://www.youtube.com/watch?v=lgoUns8Cu0w&list=PLMDQXkItOZ4LPwWJkVQf_PWnYHfC5xGFO&index=8","lgoUns8Cu0w","Comment une entreprise calcule-t-elle ses émissions de CO2 ?","","","Partie 8 du cours de Jean-Marc Jancovici à l’École des Mines de Paris en Mai 2019"
"60","yes","Monsieur Phi","Philosophie","présentation","https://www.youtube.com/watch?v=NUuL7g-r8GY&list=PLuL1TsvlrSnez4W6IVZ4yQlutHtmWObAJ&index=1","NUuL7g-r8GY","Discussion sur quelques idées reçues en philosophie.","","","Aujourd’hui, on discute de trois idées reçues sur la philosophie : (1) 0:34 La philosophie comme discipline littéraire (2) 4:05 La philosophie comme mode de vie (3) 7:26 Chacun sa philosophie !"
"61","yes","Monsieur Phi","Philosophie","présentation","https://www.youtube.com/watch?v=2qLstbRHzmk&list=PLuL1TsvlrSnez4W6IVZ4yQlutHtmWObAJ&index=2","2qLstbRHzmk","Analyse de l'assertion de Hawking : ""philosophy is dead."". Qu'est-ce que la philosophie apporte à la science aujourd'hui ?","","","Selon Hawking, la philosophie est morte. Je me permets d'exprimer mon désaccord et j'en profite pour parler plus généralement du rapport des sciences à la philosophie."
"62","yes","Monsieur Phi","Philosophie","présentation","https://www.youtube.com/watch?v=SR7DFabsU48&list=PLuL1TsvlrSnez4W6IVZ4yQlutHtmWObAJ&index=3","SR7DFabsU48","Qu'est-ce que la philosophie ?","","","Première vidéo de la chaîne. Parlons de ce qu'est la philosophie, de son utilité, de son rapport aux sciences et à la religion. Voilà, voilà... (Et c'est en deux parties parce qu'il y avait beaucoup à dire tout de même.)"
"63","yes","Monsieur Phi","Philosophie","présentation","https://www.youtube.com/watch?v=H5VnO59U42o&list=PLuL1TsvlrSnez4W6IVZ4yQlutHtmWObAJ&index=4","H5VnO59U42o","Qu'est-ce que la philosophie ?","","","Deuxième partie du premier grain de philo. (Oui, c'est un gros grain.)"
"64","yes","ScienceEtonnante","Philosophie / Philosophie de l'esprit","esprit et conscience","https://www.youtube.com/watch?v=r-RHHrrdbfM&list=PLuL1TsvlrSnd9nkLxP0QprgDUkOs4Lq2f&index=1","r-RHHrrdbfM","Qu'est-ce que la conscience ?","","","Qu'est-ce que la conscience ? Les Autres en ont-ils une ? Sont-ils juste des zombies ou des robots très bien foutus ?"
"65","yes","Monsieur Phi","Philosophie / Philosophie de l'esprit","esprit et conscience","https://www.youtube.com/watch?v=alGQ-g2-FxM&list=PLuL1TsvlrSnd9nkLxP0QprgDUkOs4Lq2f&index=2","alGQ-g2-FxM","L'inconscient cognitif","","","Aujourd'hui on parle d'inconscient cognitif. C'est fou tout ce qu'un cerveau peut voir sans qu'on n'en sache rien..."
"66","yes","Monsieur Phi","Philosophie / Philosophie de l'esprit","esprit et conscience","https://www.youtube.com/watch?v=ar2bHjkL6XM&list=PLuL1TsvlrSnd9nkLxP0QprgDUkOs4Lq2f&index=3","ar2bHjkL6XM","Le mystère de la reconnaissance des visages","","","Aujourd’hui, on plonge dans les mystères de la reconnaissance des visages…"
"67","yes","Monsieur Phi","Philosophie / Philosophie de l'esprit","esprit et conscience","https://www.youtube.com/watch?v=ixbZNpgHjig&list=PLuL1TsvlrSnd9nkLxP0QprgDUkOs4Lq2f&index=4","ixbZNpgHjig","Descartes: le rapport esprit/corps","","","Premier épisode d'une série de 5 sur les rapports esprit/corps. On la joue très classique pour commencer avec Descartes et son doute méthodique !"
"68","yes","Monsieur Phi","Philosophie / Philosophie de l'esprit","esprit et conscience","https://www.youtube.com/watch?v=LgoVqA0LphY&list=PLuL1TsvlrSnd9nkLxP0QprgDUkOs4Lq2f&index=5","LgoVqA0LphY","Le Dualisme de Descartes","","","On sort du doute. On fait son cogito. On prouve que l'esprit est distinct du corps. Voilà, voilà..."
"69","yes","Monsieur Phi","Philosophie / Philosophie de l'esprit","esprit et conscience","https://www.youtube.com/watch?v=G2CNSB83Xu4&list=PLuL1TsvlrSnd9nkLxP0QprgDUkOs4Lq2f&index=6","G2CNSB83Xu4","Qui est ce ""je"" qui est capable de faire remuer mon petit doigt ?","","","Où l'on explique pourquoi il n'est pas plus difficile d'expliquer comment faire bouger un sabre laser à distance que d'expliquer comment remuer son petit doigt."
"70","yes","Monsieur Phi","Philosophie / Philosophie de l'esprit","esprit et conscience","https://www.youtube.com/watch?v=nNkBxzQAGx4&list=PLuL1TsvlrSnd9nkLxP0QprgDUkOs4Lq2f&index=7","nNkBxzQAGx4","Interaction entre l'esprit et le corps.","","","On essaye d'expliquer l'interaction entre l'esprit et le corps. Du coup, on parle de Mariokart et d'harmonie préétablie. Tout ça fait sens."
"71","yes","Monsieur Phi","Philosophie / Philosophie de l'esprit","esprit et conscience","https://www.youtube.com/watch?v=qyDWSpX3xAk&list=PLuL1TsvlrSnd9nkLxP0QprgDUkOs4Lq2f&index=8","qyDWSpX3xAk","Matérialisme, conscience et conscience artificielle.","","","Dernier épisode sur l'esprit et la matière. Où l'on voit, pour peu qu'on soit un peu matérialiste, pourquoi les machines pensent aussi bien que nous."
"72","yes","Monsieur Phi","Philosophie / Philosophie de l'esprit","esprit et conscience","https://www.youtube.com/watch?v=y4wuaKmqY-g&list=PLuL1TsvlrSnd9nkLxP0QprgDUkOs4Lq2f&index=9","y4wuaKmqY-g","Interview de François Kammerer (raccourci)","",""," "
"73","yes","Monsieur Phi","Philosophie / Philosophie de l'esprit","esprit et conscience","https://www.youtube.com/watch?v=vrfaqsb_0LM&list=PLuL1TsvlrSnd9nkLxP0QprgDUkOs4Lq2f&index=10","vrfaqsb_0LM","Interview de François Kammerer (complet).","",""," "
"74","yes","Monsieur Phi","Philosophie / Philosophie de l'esprit","esprit et conscience","https://www.youtube.com/watch?v=d1znpwDI9IU&list=PLuL1TsvlrSnd9nkLxP0QprgDUkOs4Lq2f&index=11","d1znpwDI9IU","Lecture de la nouvelle de Greg Egan ""En apprenant à être moi"".","","","Une lecture audio d'une des plus vertigineuses nouvelles de Greg Egan : ""En apprenant à être moi"". Traduit par Sylvie Denis et Francis Valéry, publié aux édition du Bélial' dans le recueil ""Axiomatique""."
"75","yes","Monsieur Phi","Philosophie / Philosophie de l'esprit","esprit et conscience","https://www.youtube.com/watch?v=tPgmr-6A10M&list=PLuL1TsvlrSnd9nkLxP0QprgDUkOs4Lq2f&index=12","tPgmr-6A10M","Analyse de la nouvelle de Greg Egan ""En apprenant à être moi"".","","","Aujourd'hui, je reviens sur la nouvelle du maître de la hard SF, Greg Egan, ""En apprenant à être moi"", que j'ai lue au début de l'année."
"76","yes","Monsieur Phi","Philosophie / Démonstration et Connaissance","connaissance","https://www.youtube.com/watch?v=2DOYvDWZWwo&list=PLuL1TsvlrSncCs_Yew_gj-4IwOXG6q1gi&index=1","2DOYvDWZWwo","Comment connaître quelque chose ? et comment démontrer quelque chose ?","","","Aujourd'hui, on commence une série sur la démonstration, l'argumentation, la connaissance ; ça va être bien. Si, si."
"77","yes","Monsieur Phi","Philosophie / Démonstration et Connaissance","connaissance","https://www.youtube.com/watch?v=Gqu6Di353ok&list=PLuL1TsvlrSncCs_Yew_gj-4IwOXG6q1gi&index=2","Gqu6Di353ok","Comment douter de tout ?","","","Aujourd'hui on ne sait plus rien."
"78","yes","Monsieur Phi","Philosophie / Démonstration et Connaissance","connaissance","https://www.youtube.com/watch?v=J5dTXVbS3Vg&list=PLuL1TsvlrSncCs_Yew_gj-4IwOXG6q1gi&index=3","J5dTXVbS3Vg","Quelle base pour l'édifice des connaissances ?","","","Aujourd'hui, on parle des fondements de toutes nos connaissances. En toute simplicité."
"79","yes","Monsieur Phi","Philosophie / Démonstration et Connaissance","connaissance","https://www.youtube.com/watch?v=enZpq8jvFEs&list=PLuL1TsvlrSncCs_Yew_gj-4IwOXG6q1gi&index=4","enZpq8jvFEs","Quels sont les fondement de la géométrie euclidienne ?","","","Aujourd'hui, on parle d'un chef d'oeuvre : les Eléments d'Euclide."
"80","yes","Monsieur Phi","Philosophie / Démonstration et Connaissance","connaissance","https://www.youtube.com/watch?v=j5EEHOokkaQ&list=PLuL1TsvlrSncCs_Yew_gj-4IwOXG6q1gi&index=5","j5EEHOokkaQ","Le paradoxe de Lewis Caroll, ou encore paradoxe de l'inférence.","","","Aujourd'hui, ça y est, on parle du paradoxe de Lewis Carroll. Quand le modus ponens prend les dimensions vertigineuses d'un pont sur l'infini..."
"81","yes","Monsieur Phi","Philosophie / Démonstration et Connaissance","connaissance","https://www.youtube.com/watch?v=iQ-AWuLk32c&list=PLuL1TsvlrSncCs_Yew_gj-4IwOXG6q1gi&index=6","iQ-AWuLk32c","Doit-on suivre une règle logique pour appliquer des règles logiques ?","","","Aujourd'hui, on voit pourquoi la logique n'a RIEN de ""logique"". 
Cet épisode est peut-être un peu plus exigeant que les précédents ; mais c'est le dernier de cette série, promis !"
"82","yes","Monsieur Phi","Sciences formelles / Logique","paradoxe","https://www.youtube.com/watch?v=wiYdEDDRQzE&list=PLuL1TsvlrSncCs_Yew_gj-4IwOXG6q1gi&index=7","wiYdEDDRQzE","""Je mens"" ou comment parler de vérité en logique mathématique.","","","Aujourd'hui, c'est le 1er avril, jour des menteurs, et du coup parlons du paradoxe du menteur ! Pourquoi dire que l'on est en train de ne pas dire la vérité pose problème... Ce sera l'occasion de parler d'un des plus grands logiciens du 20e siècle, Alfred Tarski, et de ses travaux sur la vérité ; et aussi d'un des résultats les plus importants en logique mathématique : le théorème d'incomplétude de Gödel. Et quand on croise Tarski et le théorème d'incomplétude, on obtient le théorème d'indéfinissabilité de Tarski. Et c'est chouette, si, si."
"83","yes","Monsieur Phi","Sciences formelles / Logique","paradoxe","https://www.youtube.com/watch?v=8ArJN4CQs84&list=PLuL1TsvlrSncCs_Yew_gj-4IwOXG6q1gi&index=8","8ArJN4CQs84","Si parmi deux enfants, au moins l'un est garçon, quelle est la probabilité que l'autre soit aussi un garçon ?","","","Considérez deux cartes à jouer, dont au moins une est noire. Quelle est la probabilité que l'autre soit rouge ? Il n'est pas si facile de répondre à cette question et c'est très instructif d'y réfléchir..."
"84","yes","Monsieur Phi","Sciences formelles / Logique","paradoxe","https://www.youtube.com/watch?v=NO_FM2FygUI&list=PLuL1TsvlrSncCs_Yew_gj-4IwOXG6q1gi&index=9","NO_FM2FygUI","Vidéo détaillée sur le paradoxe des deux enfants.","",""," "
"85","yes","Monsieur Phi","Sciences formelles / Logique","paradoxe","https://www.youtube.com/watch?v=8SOGL5abq1Y&list=PLuL1TsvlrSncCs_Yew_gj-4IwOXG6q1gi&index=11","8SOGL5abq1Y","Un condamné à mort sera executé dans la semaine mais ne pourra pas déduire logiquement le jour de son exécution. Est-ce possible ?","","","Une autre variante, juste pour le plaisir. Vous savez que les règles de politesse vous interdisent de manger le dernier petit four du plateau. Mais ne vous êtes-vous jamais dit que celui qui mange l'AVANT-DERNIER petit four était presque aussi impoli en ceci qu'il mange le dernier petit four que l'on peut manger sans impolitesse ? En un sens, si tout le monde est poli, l'avant-dernier petit four devient virtuellement le dernier petit four. Mais que se passerait-il si l'on ajoutait la règle de politesse suivante : ""Il est interdit de manger le dernier petit four que les règles de politesse permettent de manger"" ? Je vous laisse le soin de prouver à partir de cette règle qu'il n'est permis de manger AUCUN petit four..."
"86","yes","Monsieur Phi","Sciences formelles / Logique","paradoxe","https://www.youtube.com/watch?v=ska8cx379XA&list=PLuL1TsvlrSncCs_Yew_gj-4IwOXG6q1gi&index=10","ska8cx379XA","Deuxième épisode sur le paradoxe du condamné à mort.","","","Toujours ce paradoxe et on va presque le résoudre. Sauf que non pas tout à fait. Et je garde le reste pour une autre fois."
"87","yes","Monsieur Phi","Philosophie / Langage","langage","https://www.youtube.com/watch?v=ayyrtMdPyi4&list=PLuL1TsvlrSncCs_Yew_gj-4IwOXG6q1gi&index=12","ayyrtMdPyi4","Comment se mettre d'accord sur le sens des mots ?","","","Aujourd'hui, on se dispute sur les disputes verbales."
"88","yes","Monsieur Phi","Philosophie / Langage","langage","https://www.youtube.com/watch?v=U6EP2ecu2As&list=PLuL1TsvlrSncCs_Yew_gj-4IwOXG6q1gi&index=13","U6EP2ecu2As","Quelle est la définition de ""définition"" ?","","","Il faut définir les termes du débats si l'on veut s'entendre, mais s'entendra-t-on sur la définition de ""définition"" ? Comment savez-vous ce qu'est le ""seum"" si personne ne vous l'a jamais défini ? Et l'homme tourne-t-il autour de l'écureuil, oui ou merde ?"
"89","yes","Monsieur Phi","Sciences formelles / Logique","paradoxe","https://www.youtube.com/watch?v=LocE6eog_z4&list=PLuL1TsvlrSncCs_Yew_gj-4IwOXG6q1gi&index=14","LocE6eog_z4","Présentation du paradoxe de la Belle au bois dormant.","","","Suivez Axiome ! Podcast mathématico-philosophique avec Lê (Science4All)"
"90","yes","Monsieur Phi","Sciences formelles / Logique","paradoxe","https://www.youtube.com/watch?v=c86BtYw21RM&list=PLuL1TsvlrSncCs_Yew_gj-4IwOXG6q1gi&index=15","c86BtYw21RM","Quelle distribution de probabilité choisir en l'absence d'informations ?","","","Un petit montage d'extraits du troisième épîsode d'Axiome où l'on discute d'un super paradoxe : le paradoxe de Bertrand, ou paradoxe du cube de Van Fraassen. Merci à Lê !"
"91","yes","Monsieur Phi","Philosophie / Métaphysique","simulation","https://www.youtube.com/watch?v=AtTTn7KMIys&list=PLuL1TsvlrSnddn7ddfK-eU99O5UtK640n&index=1","AtTTn7KMIys","Quelle est la probabilité que nous vivions dans une simulation créée par des êtres conscients supérieurs ?","","","On parle d'un argument frappant de Nick Bostrom qui montre que la probabilité que nous soyons des simulations est plutôt élevée, en fait..."
"92","yes","Monsieur Phi","Philosophie / Métaphysique","simulation","https://www.youtube.com/watch?v=2FVwXaNWPQ0&list=PLuL1TsvlrSnddn7ddfK-eU99O5UtK640n&index=2","2FVwXaNWPQ0","Voudrait-on vivre dans une machine qui nous procure tout le bonheur dont l'on puisse rêver ?","Philosophie / Philosophie morale","","Loués soient les Féliciteurs qui feront le bonheur de tous ! Ou pas, en fait. Aujourd'hui, donc, il sera question d'une expérience de pensée imaginée par Robert Nozick en 1974 et abondamment discutée depuis."
"93","yes","Monsieur Phi","Philosophie / Métaphysique","identité","https://www.youtube.com/watch?v=EZmvdkNjev8&list=PLuL1TsvlrSnddn7ddfK-eU99O5UtK640n&index=4","EZmvdkNjev8","Suis-je la même personne qu'hier ?","","","Qui suis-je et de quoi suis-je responsable ? On en parle avec Locke et Spock. Car parler d'identité personnelle sans parler de téléportation à la Star Trek, ce serait un scandale."
"94","yes","Monsieur Phi","Philosophie / Métaphysique","identité","https://www.youtube.com/watch?v=HPWQufM2sAg&list=PLuL1TsvlrSnddn7ddfK-eU99O5UtK640n&index=5","HPWQufM2sAg","Montez-vous dans un téléporteur qui vous détruit et reconstruit à l'identique à l'autre bout de la galaxie ?","","","Aujourd'hui, on voit pourquoi, tout compte fait, même si ça ne m'a jamais posé de problème par le passé, je vais plutôt éviter le téléporteur à l'avenir..."
"95","yes","Monsieur Phi","Philosophie / Métaphysique","moi","https://www.youtube.com/watch?v=XeZDt43Pij8&list=PLuL1TsvlrSnddn7ddfK-eU99O5UtK640n&index=6","XeZDt43Pij8","Qu'est ce qu'on appelle ""moi"" ?","","","Aujourd'hui, on parle de moi."
"96","yes","Monsieur Phi","Philosophie / Métaphysique","mort","https://www.youtube.com/watch?v=Z1UwoMw9jZY&list=PLuL1TsvlrSnddn7ddfK-eU99O5UtK640n&index=7","Z1UwoMw9jZY","Est-ce que la mort nous concerne ?","","","Aujourd'hui, on parle de la mort. Et ça tombe bien : il paraît que philosopher, c'est apprendre à mourir."
"97","yes","Monsieur Phi","Philosophie / Métaphysique","mort","https://www.youtube.com/watch?v=m8pwDJlslsA&list=PLuL1TsvlrSnddn7ddfK-eU99O5UtK640n&index=8","m8pwDJlslsA","Voulez-vous mourir ?","","",""
"98","yes","Monsieur Phi","Philosophie / Métaphysique","mort","https://www.youtube.com/watch?v=b2_gqtr2HgA","b2_gqtr2HgA","FAQ sur la vidéo précédente.","","",""
"99","yes","Monsieur Phi","Philosophie / Métaphysique","liberté","https://www.youtube.com/watch?v=u3lapME67VI&list=PLuL1TsvlrSnddn7ddfK-eU99O5UtK640n&index=9","u3lapME67VI","Toutes nos actions sont-elles déjà déterminées ?","","","13,8 milliards d'années après le Big Bang, tout l'univers est régi par les lois physiques. Tout ? Non ! Une planète peuplée d'irréductibles humains résiste encore et toujours au déterminisme... Grâce à la potion magique concoctée par leurs philosophes : la liberté !

Ou pas."
"100","yes","Monsieur Phi","Philosophie / Métaphysique","liberté","https://www.youtube.com/watch?v=IDL587pZnNk&list=PLuL1TsvlrSnddn7ddfK-eU99O5UtK640n&index=10","IDL587pZnNk","Est-on libre quand on joue aux jeux vidéos ?","","","Aujourd'hui, on parle de la liberté dans les jeux. Et on voit que tout est jeu, même la réalité... "
"101","yes","Monsieur Phi","Philosophie / Métaphysique","leibniz","https://www.youtube.com/watch?v=zA9nXK1idqI&list=PLuL1TsvlrSnddn7ddfK-eU99O5UtK640n&index=11","zA9nXK1idqI","Si Dieu existe, nous vivons dans le meilleur des mondes possibles.","","","Aujourd'hui, on discute d'un argument parfaitement valide dont la conclusion est que nous sommes dans le meilleur des mondes possibles. Si, si."
"102","yes","Monsieur Phi","Philosophie / Métaphysique","leibniz","https://www.youtube.com/watch?v=HrdIuwChv64&list=PLuL1TsvlrSnddn7ddfK-eU99O5UtK640n&index=12","HrdIuwChv64","Leibniz et le meilleur des mondes","","","Aujourd'hui, on va regarder Leibniz de près. Trois arguments justifiant qu'il n'est pas totalement absurde de croire que nous sommes dans le meilleur des mondes possibles."
"103","yes","Science4All","Philosophie / Métaphysique","IA","https://www.youtube.com/watch?v=QzCj0BSWUNI&list=PLuL1TsvlrSnddn7ddfK-eU99O5UtK640n&index=13","QzCj0BSWUNI","5 faux arguments sur l'impossibilité d'une conscience artificielle.","","","Dans cette vidéo, j'invite Thibaut à rejeter 5 arguments récurrents qui prétendent qu'aucune machine ne sera capable de se doter d'une intelligence humaine."
"104","yes","Monsieur Phi","Philosophie / Philosophie morale / Utilitarisme","expériences","https://www.youtube.com/watch?v=AZBDMN5wZ-8&list=PLuL1TsvlrSndG1xYLRsaNvSM46lOkOg2W&index=2","AZBDMN5wZ-8","Où s'arrête l'utilitarisme et où commence la déontologie ?","","","Toutes ces expériences de pensées sont dérivées du fameux dilemme du tramway décrit pour la première fois par Philippa Foot en 1967 et qui a inspiré des dizaines de variantes et des centaines d'articles ! (Je me suis plus particulièrement inspiré de la variante ""du chirurgien"" introduite par Judith Jarvis Thomson, la même à qui l'on doit l'argument du violoniste dont je parlais ailleurs...) Les discussions sur ces dilemmes et leurs subtiles variations sont complexes et passionnantes, et j'en parlerai sans doute lorsque je ferai une suite à cet épisode."
"105","yes","Monsieur Phi","Philosophie / Philosophie morale / Utilitarisme","utilitarisme","https://www.youtube.com/watch?v=y2l8lxi-9aY&list=PLuL1TsvlrSndG1xYLRsaNvSM46lOkOg2W&index=3","y2l8lxi-9aY","Suite de la vidéo précédente.","","",""
"106","yes","Science4All","Philosophie / Philosophie morale / Utilitarisme","utilitarisme","https://www.youtube.com/watch?v=Uu6K0uR9bus","Uu6K0uR9bus","","","",""
"107","yes","Monsieur Phi","Philosophie / Philosophie morale","relativisme/realisme","https://www.youtube.com/watch?v=7KmAKVaO-Xc&list=PLuL1TsvlrSndG1xYLRsaNvSM46lOkOg2W&index=4","7KmAKVaO-Xc","A quel point la morale dépend-elle de nos croyances et de nos cultures ?","","","Aujourd'hui on parle de morale, et on se demande si chacun a la sienne. (Attention aux images d'animaux terrifiants et de pratiques culinaires exotiques...)"
"108","yes","Monsieur Phi","Philosophie / Philosophie morale","conséquentialisme","https://www.youtube.com/watch?v=3hCffvguLTQ&list=PLuL1TsvlrSndG1xYLRsaNvSM46lOkOg2W&index=5","3hCffvguLTQ","Une action est-elle bonne si ses conséquences sont bonnes ?","","",""
"109","yes","Monsieur Phi","Philosophie / Philosophie morale","masturbation","https://www.youtube.com/watch?v=lyGdEK5Ex-o&list=PLuL1TsvlrSndG1xYLRsaNvSM46lOkOg2W&index=6","lyGdEK5Ex-o","Intuitions morales, dans le passé et dans le futur.","","","Vous vous êtes toujours demandé ce que Kant pensait de la masturbation ? Ça tombe bien, on en parle ici. Et c'est l'occasion de discuter plus généralement du passé et du futur de nos intuitions morales. "
"110","yes","Monsieur Phi","Philosophie / Philosophie morale","homosexualité","https://www.youtube.com/watch?v=xJDQu0OLwME&list=PLuL1TsvlrSndG1xYLRsaNvSM46lOkOg2W&index=7","xJDQu0OLwME","Bentham en avance sur la morale de son temps.","","","En ne comprenant rien aux intuitions morales de son temps, Bentham aura compris les nôtres avant tout le monde..."
"111","yes","Monsieur Phi","Philosophie / Philosophie morale","morale Kantienne","https://www.youtube.com/watch?v=Hj7JDMlJjJE&list=PLuL1TsvlrSndG1xYLRsaNvSM46lOkOg2W&index=8","Hj7JDMlJjJE","L'impératif catégorique de la morale kantienne.","","","Autres titres possibles : ""J'universalise la maxime de mon action pendant 30 jours (ça tourne bien)"" - ""Tuto déonto : comment fonder la morale rationnellement ?""

Bref, on va parler de la morale de Kant."
"112","yes","Monsieur Phi","Philosophie / Philosophie morale","morale nietzschéenne","https://www.youtube.com/watch?v=4kRY6vp99iY&list=PLuL1TsvlrSndG1xYLRsaNvSM46lOkOg2W&index=9","4kRY6vp99iY","La morale de Nietzsche","","","Dans ce Grain de philo on discute de la première dissertation de la Généalogie de la morale de Nietzsche : « ‘‘Bon et méchant’’, ‘‘Bon et mauvais’’ »."
"113","yes","Monsieur Phi","Philosophie / Philosophie morale","morale nietzschéenne","https://www.youtube.com/watch?v=XAaPkiiUTeI&list=PLuL1TsvlrSndG1xYLRsaNvSM46lOkOg2W&index=10","XAaPkiiUTeI","La morale de Nietzsche (suite)","","","Dans ce Grain de philo on discute de la première dissertation de la Généalogie de la morale de Nietzsche : « ‘‘Bon et méchant’’, ‘‘Bon et mauvais’’ »."
"114","yes","Monsieur Phi","Philosophie / Philosophie morale","wittgenstein","https://www.youtube.com/watch?v=abjiHI8qYok&list=PLuL1TsvlrSndG1xYLRsaNvSM46lOkOg2W&index=11","abjiHI8qYok","Pourquoi la morale est-elle surnaturelle ?","","","Nouveau format : parler d'un texte en moins de 10 minutes. Et on commence par le jeune Wittgenstein..."
"115","yes","Monsieur Phi","Philosophie / Philosophie morale","altruisme","https://www.youtube.com/watch?v=JefwhxJWmik&list=PLuL1TsvlrSndG1xYLRsaNvSM46lOkOg2W&index=12","JefwhxJWmik","","","","Aujourd'hui on discute voiture de sport et philosophie morale avec Peter Singer. C'est cool."
"116","yes","Monsieur Phi","Philosophie / Philosophie morale","dixit","https://www.youtube.com/watch?v=NpUcdhbcmuI&list=PLuL1TsvlrSndG1xYLRsaNvSM46lOkOg2W&index=13","NpUcdhbcmuI","Les plus heureux sont-ils les plus satisfaits ?","","","Aujourd'hui, on voit pourquoi les plus heureux sont les moins satisfaits en discutant d'un texte de John Stuart Mill. Retrouvez ce texte et d'autres évoqués dans la vidéo dans le billet de blog qui accompagne la vidéo : "
"117","yes","Monsieur Phi","Philosophie / Philosophie morale","avortement","https://www.youtube.com/watch?v=mt4JXMcxlwI&list=PLuL1TsvlrSndG1xYLRsaNvSM46lOkOg2W&index=14","mt4JXMcxlwI","Présentation d'un argument pour le droit à l'avortement.","Société","","Aujourd'hui on voit pourquoi le droit à l'avortement est un sujet complexe..."
"118","yes","Monsieur Phi","Philosophie / Philosophie morale","ethique animale","https://www.youtube.com/watch?v=HaVWbdlAiCQ&list=PLuL1TsvlrSndG1xYLRsaNvSM46lOkOg2W&index=15","HaVWbdlAiCQ","Estimation probabiliste du coût moral de la consommation de viande animale.","","","Aujourd'hui, on va parler de morale, de probabilité, d'animaux, et d'un argument frappant de Michael Huemer."
"119","yes","Monsieur Phi","Philosophie / Philosophie morale","FAQ animaux","https://www.youtube.com/watch?v=fbpfMHKccMo&list=PLuL1TsvlrSndG1xYLRsaNvSM46lOkOg2W&index=16","fbpfMHKccMo","FAQ de la vidéo précédente.","","","Réponse en vidéo à quelques objections beaucoup soulevées contre la vidéo précédente. "
"120","yes","Monsieur Phi","Philosophie / Philosophie morale","réalisme moral","https://www.youtube.com/watch?v=LafrIPLgHCA&list=PLuL1TsvlrSndG1xYLRsaNvSM46lOkOg2W&index=17","LafrIPLgHCA","","","","Aujourd'hui, on parle d'un argument frappant de Michael Huemer : l'incertitude méta-éthique mène-t-elle au réalisme moral ?"
"121","no","Monsieur Phi","Philosophie / Philosophie morale","métaéthique","https://www.youtube.com/watch?v=USgRKvEMyIw&list=PLuL1TsvlrSndG1xYLRsaNvSM46lOkOg2W&index=18","USgRKvEMyIw","Le réalisme moral est-il probable ?","","","Aujourd'hui, je réponds aux deux principales objections soulevées contre l'argument de Huemer : (1) pourquoi l'argument peut nous justifier à croire en une morale OBJECTIVE même s'il s'appuie sur des estimations SUBJECTIVES de probabilité (probabilité épistémique) ; (2) pourquoi il est rationnel d'attribuer a priori une probabilité épistémique non nulle au réalisme moral (et même une probabilité non négligeable)."
"122","yes","Monsieur Phi","Philosophie / Philosophie morale / Utilitarisme","utilitarisme","https://www.youtube.com/watch?v=mPBC0OQKa2w&list=PLuL1TsvlrSndG1xYLRsaNvSM46lOkOg2W&index=20","mPBC0OQKa2w","Retour sur les expériences utilitaristes","","","Montage d'extraits du dernier épisode d'Axiome où je reviens avec Lê sur nos expériences de pensée morale."
"123","yes","Monsieur Phi","Philosophie / Philosophie morale / Utilitarisme","utilitarisme","https://www.youtube.com/watch?v=Pn-2GQbgQhY&list=PLuL1TsvlrSndG1xYLRsaNvSM46lOkOg2W&index=21","Pn-2GQbgQhY","Quelle équipe devriez-vous soutenir si vous étiez parfaitement rationnel et moral ?","","","En ce jour anniversaire de la victoire des Bleus en 98, on parle de football et de morale. Si vous êtes un vrai utilitariste, de quelle équipe devriez-vous souhaiter la victoire ? "
"124","yes","Monsieur Phi","Philosophie / Philosophie morale","religion","https://www.youtube.com/watch?v=6U9WBN0Sck8&list=PLuL1TsvlrSndG1xYLRsaNvSM46lOkOg2W&index=22","6U9WBN0Sck8","","","","Il paraît que si Dieu n'existe pas, tout est permis.
En fait, c'est un peu plus compliqué que ça.

Et en tout cas, si Dieu existe, il a des préférences culinaires très pointues."
"125","yes","Monsieur Phi","Philosophie / Philosophie morale","religion","https://www.youtube.com/watch?v=Ffd55-hAaGE&list=PLuL1TsvlrSndG1xYLRsaNvSM46lOkOg2W&index=23","Ffd55-hAaGE","","","","On montre avec Kant pourquoi la religion nous empêche d'être moral. Je sais que je fais un peu dire à Kant ce qu'il ne dit pas... mais ça me paraît quand même assez cohérent avec les prémisses de sa pensée."
"126","yes","Monsieur Phi","Philosophie / Philosophie morale","éthique médicale","https://www.youtube.com/watch?v=CaaEGtFH4FE&list=PLuL1TsvlrSndG1xYLRsaNvSM46lOkOg2W&index=24","CaaEGtFH4FE","Ethique en période de pandémie mondiale.","","",""
"127","yes","Monsieur Phi","Sciences humaines / Economie","adam smith","https://www.youtube.com/watch?v=azNw7Vx1R8o&list=PLuL1TsvlrSncHiPqjF5QQNH52FE2kf-jL&index=3","azNw7Vx1R8o","","","","Aujourd'hui, on discute d'un passage vertigineux de la Richesse des nations d'Adam Smith, et ça va être chouette."
"128","yes","Monsieur Phi","Sciences humaines / Economie","adam smith","https://www.youtube.com/watch?v=ZYlu7xxQogA&list=PLuL1TsvlrSncHiPqjF5QQNH52FE2kf-jL&index=4","ZYlu7xxQogA","","","","Aujourd'hui on voit pourquoi, bien souvent, pour coopérer efficacement il vaut mieux qu'on soit tous égoïstes. Plus exactement on va parler de quelques passages d'Adam Smith sur la division du travail, tirés surtout du chapitre 2 du livre I de la Richesse des Nations,"
"129","yes","Monsieur Phi","Sciences humaines / Economie","avantages comparatifs","https://www.youtube.com/watch?v=HAlayHY3Z8E&list=PLuL1TsvlrSncHiPqjF5QQNH52FE2kf-jL&index=5","HAlayHY3Z8E","Si un pays ne sait rien faire mieux que ses voisins, peut-il commercer avec eux ?","","","Aujourd'hui on parle d'un des arguments les plus frappants de l'histoire de la pensée économique : la théorie des avantages comparatifs. Mais comme je ne veux pas vraiment vous faire un cours d'économie, je ne vais pas la jouer à la Ricardo en parlant de commerce de draps et de vins entre le Portugal et l'Angleterre, mais plus simplement d'échanges entre individus, et au fond c'est tout aussi intéressant et ça me paraît même plus frappant encore à ce niveau ! Notez que je ne présente pas ces concepts d'avantages comparatif et de coût d'opportunité de façon rigoureuse mais j'espère que ça vous donnera envie d'aller voir plus loin car l'économie, tout de même, c'est passionnant !"
"130","yes","Monsieur Phi","Société / Consommation","noêl","https://www.youtube.com/watch?v=hV3IYoHpQS4&list=PLuL1TsvlrSncHiPqjF5QQNH52FE2kf-jL&index=6","hV3IYoHpQS4","Conséquences économiques de Noël","","","Aujourd'hui on parle de la perte sèche de Noël. Ou pourquoi une vaste destruction de valeur nous attend au pied des sapins..."
"131","yes","Monsieur Phi","Philosophie / Politique","condorcet","https://www.youtube.com/watch?v=hI89r4LqaCc&list=PLuL1TsvlrSncHiPqjF5QQNH52FE2kf-jL&index=7","hI89r4LqaCc","Comment élire quelqu'un ?","","","Dans une élection démocratique, la préférence de la majorité doit l'emporter. Et dans nos élections, ce n'est presque jamais le cas. Pour le comprendre, parlons un peu du principe de Condorcet !"
"132","yes","Monsieur Phi","Philosophie / Politique","condorcet","https://www.youtube.com/watch?v=ZZb4TjvupkI&list=PLuL1TsvlrSncHiPqjF5QQNH52FE2kf-jL&index=8","ZZb4TjvupkI","Comment élire quelqu'un ? (suite)","","","Vous aurez compris que la légitimité du vainqueur de Condorcet me tient à cœur ; et pourtant, à la fin de la vidéo, je défends le jugement majoritaire qui n’est pas une méthode de Condorcet : rien ne garantit que le vainqueur de Condorcet emporte l’élection au jugement majoritaire (même si on peut croire que ce mode de scrutin est plutôt favorable au vainqueur de Condorcet quand il y en a un – en tout cas bien plus que nos scrutins classiques, évidemment). Pourquoi n’ai-je pas préféré une véritable méthode de Condorcet ? 
Et quid du scrutin de Condorcet randomisé ??"
"133","yes","ScienceEtonnante","Sciences formelles / Maths / Théorie du Choix Social","vote","https://www.youtube.com/watch?v=ZoGH7d51bvc","ZoGH7d51bvc","Propositions d'améliorations pour le scrutin présidentiel","","","Notre méthode de scrutin présidentiel est pleine de défauts, il est temps d'en changer ! ... en s'aidant de la science, bien sûr !"
"134","yes","La statistique expliquée à mon chat","Sciences formelles / Maths / Théorie du Choix Social","vote","https://www.youtube.com/watch?v=vfTJ4vmIsO4","vfTJ4vmIsO4","Comment choisir le vainqueur d'une élection ?","","","Albert se met à la politique ! Il découvre que c'est aussi une histoire de mathématiques."
"135","yes","Monsieur Phi","Philosophie","identité","https://www.youtube.com/watch?v=_8DW9L-W73U&list=PLuL1TsvlrSncHiPqjF5QQNH52FE2kf-jL&index=9","_8DW9L-W73U","Comment conserver un monument historique ?","","","Aujourd'hui, on visite Gyeongbokgung et on en profite pour parler du bateau de Thésée et de notre rapport à l'histoire et à la conservation des choses qui en sont les témoins. Faut-il conserver leur forme au détriment de la matière ou leur matière au détriment de la forme ?"
"136","yes","Monsieur Phi","Philosophie / Philosophie morale / Eugénisme","eugénisme","https://www.youtube.com/watch?v=GsUsgx2oPYA&list=PLuL1TsvlrSncHiPqjF5QQNH52FE2kf-jL&index=11","GsUsgx2oPYA","","","","Un peu d'eugénisme, ça vous dit ?"
"137","yes","Monsieur Phi","Philosophie / Philosophie morale / Eugénisme","eugénisme","https://www.youtube.com/watch?v=NsH8ayKjtzE&list=PLuL1TsvlrSncHiPqjF5QQNH52FE2kf-jL&index=12","NsH8ayKjtzE","","","","On revient sur l'épisode précédent et particulièrement sur le cas des deux femmes choisissant un donneur sourd pour avoir un enfant sourd."
"138","yes","Monsieur Phi","Philosophie / Philosophie des sciences","réalité","https://www.youtube.com/watch?v=0sPxyll_Avo&list=PLuL1TsvlrSnfFoWrxq-ai2tSWABRroQKT&index=2","0sPxyll_Avo","","","","Mettons les choses au point sur ce qu'on appelle réalité."
"139","yes","Monsieur Phi","Philosophie / Philosophie des sciences","réalité","https://www.youtube.com/watch?v=EdK4VuPl3rA&list=PLuL1TsvlrSnfFoWrxq-ai2tSWABRroQKT&index=3","EdK4VuPl3rA","","","","En réponses à vos commentaires sur l'épisode précédent, j'en reprends quelques points. Et même si ce n'est pas très long, comme c'est plus digressif qu'à l'ordinaire, j'ai fait un petit sommaire : 

0:34 - Pourquoi mes deux conditions ne constituent pas une définition (et c'est pas bien grave)
1:42 - Est-ce original ou consensuel ? Ft. Kant et la chose en soi.
4:47 - Sur la réalité des nombres : le platonisme mathématique
6:08 - L'argument d'indispensabilité
7:38 - Outro"
"140","yes","Monsieur Phi","Philosophie / Philosophie des sciences","vérité","https://www.youtube.com/watch?v=aUdshz5gD2s&list=PLuL1TsvlrSnfFoWrxq-ai2tSWABRroQKT&index=4","aUdshz5gD2s","Qu'est ce qui est vrai ?","","","Aujourd'hui, on parle de la vérité, et c'est très simple. Mais c'est compliqué d'admettre que c'est si simple."
"141","yes","Monsieur Phi","Philosophie / Philosophie des sciences","théorie","https://www.youtube.com/watch?v=SXLHijQeYok&list=PLuL1TsvlrSnfFoWrxq-ai2tSWABRroQKT&index=5","SXLHijQeYok","Comment tester des affirmations scientifiques ?","","","Aujourd'hui, on parle un peu de science, pour changer. Et on se pose des questions aussi fondamentale que : comment tester la théorie selon laquelle l'eau bout à 100°C ?"
"142","yes","Monsieur Phi","Philosophie / Philosophie des sciences","adhoc","https://www.youtube.com/watch?v=meNQnNqHjes&list=PLuL1TsvlrSnfFoWrxq-ai2tSWABRroQKT&index=6","meNQnNqHjes","","","","Aujourd'hui, on parle de science et je vous raconte comment on peut découvrir l'existence et l'inexistence de planètes sans regarder le ciel."
"143","yes","Monsieur Phi","Philosophie / Philosophie des sciences","réalisme scientifique","https://www.youtube.com/watch?v=9-ILAnAW8us&list=PLuL1TsvlrSnfFoWrxq-ai2tSWABRroQKT&index=11","9-ILAnAW8us","","","","Êtes-vous assis sur des électrons ? Si oui, n'est-ce pas surprenant ? Si non, sur quoi donc êtes-vous assis ? En somme, réfléchissons au réalisme scientifique."
"144","yes","Monsieur Phi","Philosophie / Philosophie des sciences","réalisme","https://www.youtube.com/watch?v=5dS1D_X5xRg&list=PLuL1TsvlrSnfFoWrxq-ai2tSWABRroQKT&index=7","5dS1D_X5xRg","","","","Aujourd'hui, on aborde ENFIN le réalisme scientifique. Et l'on se demande avec Einstein : que peut-on savoir du mécanisme caché à l'intérieur d'une montre fermée ?"
"145","yes","Monsieur Phi","Philosophie / Philosophie des sciences","bayes","https://www.youtube.com/watch?v=3FOrWMDL8CY&list=PLuL1TsvlrSnfFoWrxq-ai2tSWABRroQKT&index=8","3FOrWMDL8CY","","","",""
"146","yes","Monsieur Phi","Philosophie / Philosophie des sciences","bayes","https://www.youtube.com/watch?v=aU7EWwLtiOg&list=PLuL1TsvlrSnfFoWrxq-ai2tSWABRroQKT&index=9","aU7EWwLtiOg","","","",""
"147","yes","Monsieur Phi","Philosophie / Philosophie des sciences","hume","https://www.youtube.com/watch?v=8RwnrNSqa_A&list=PLuL1TsvlrSnfFoWrxq-ai2tSWABRroQKT&index=10","8RwnrNSqa_A","","","","Aujourd'hui on parle du scepticisme radical de David Hume, et plus particulièrement du chapitre de l'Essai sur l'entendement humain ""Sur les miracles"". Vous retrouverez les textes complets de Hume sur le billet de blog associé à la vidéo : monsieurphi.com"
"","yes","El Jj","Sciences formelles / Maths / Problèmes Célèbres","problèmes célèbres","","VgNUGxBDxUA","","","","La quadrature du cercle est sans aucun doute le problème le plus célèbre des mathématiques. On sait que c'est impossible, mais pourquoi ? Il me faut bien deux minutes pour en parler."
"","yes","El Jj","Sciences formelles / Maths / Problèmes Célèbres","problèmes célèbres","","ayjck76iSOA","","","","Que raconte la conjecture de Poincaré, l'un des problèmes de millénaire mis à prix à 1 000 000 $ ? Replaçons cette conjecture dans son cadre, et profitons-en pour faire une introduction à la topologie des variétés."
"","yes","El Jj","Sciences formelles / Maths / Problèmes Célèbres","problèmes célèbres","","uazPP0ny3XQ","","","","Comment dessiner un éléphant ? Heureusement, il y a des mathématiciens pour répondre à cette question !"
"","yes","El Jj","Sciences formelles / Maths / Problèmes Célèbres","problèmes célèbres","","N5DGzm7xHRA","","","","Les mathématiciens aiment classer les trucs. Avec les pavages, ils ont de quoi faire."
"","yes","El Jj","Sciences formelles / Maths / Problèmes Célèbres","problèmes célèbres","","343uIM0pqSE","","","","Un cercle déformé possède toujours un intérieur et un extérieur ? Est-ce vraiment évident ?..."
"","yes","El Jj","Sciences formelles / Maths / Problèmes Célèbres","problèmes célèbres","","WbAgfT79t6w","","","","Il suffit de 4 couleurs pour colorier une carte... Et si on le démontrait ?"
"","yes","El Jj","Sciences formelles / Maths / Problèmes Célèbres","problèmes célèbres","","etzcN6g-vNY","","","","Savez-vous compter les triangulations des choux, à la mode de Catalan ? La combinatoire, c'est sympa !"
"","yes","El Jj","Sciences formelles / Maths / Problèmes Célèbres","problèmes célèbres","","fzyd02CXf-I","","","","Il est possible de dédoubler une boule juste en la découpant en morceaux. Ce n'est pas moi qui le prétend, c'est Banach et Tarski !"
"","yes","El Jj","Sciences formelles / Maths / Problèmes Célèbres","problèmes célèbres","","0_ZzZzvxnP0","","","","Avez-vous déjà cherché l'intersection de plusieurs courbes algébriques ? Parce que Etienne Bézout, lui, il l'a déjà fait, et ce qu'il a découvert est troublant."
"","yes","El Jj","Sciences formelles / Maths / Problèmes Célèbres","problèmes célèbres","","dNpdMYB8pZs","","","","Le problème mathématique le plus difficile du monde ? Il parait que c'est l'hypothèse de Riemann..."
"","yes","El Jj","Sciences formelles / Maths / Problèmes Célèbres","problèmes célèbres","","0tBScDTj0n0","","","","Les héros mythologiques ont la cote chez les mathématiciens. Dans cette histoire, Hercule va affronter un ennemi sans doute plus fort que lui : les nombres ordinaux."
"","yes","El Jj","Sciences formelles / Maths / Problèmes Célèbres","problèmes célèbres","","ZMg4c3Jxpx4","","","","Que trouve-t-on à l'intersection de l'ensemble des cercles et de l'ensemble de la logique ?..."
"","yes","El Jj","Sciences formelles / Maths / Problèmes Célèbres","problèmes célèbres","","VRAJNLPAiEY","","","","Les matheux aiment le découpage : la preuve avec le théorème de Wallace-Bolyai-Gerwien et avec le théorème de Dehn !"
"","yes","El Jj","Sciences formelles / Maths / Problèmes Célèbres","problèmes célèbres","","IsKBRj6_VSs","","","","Werber ne vous aurait donc pas tout dit ?..."
"","yes","El Jj","Sciences formelles / Maths / Problèmes Célèbres","problèmes célèbres","","Y4ICbYtBGzA","","","","Cette vidéo de deux minutes contient une vidéo de deux minutes qui contient une vidéo de deux minutes qui ..."
"","yes","El Jj","Sciences formelles / Maths / Problèmes Célèbres","problèmes célèbres","","L1vDkUziBpw","","","","La liste des objets et problèmes popularisée par Martin Gardner est sans fin (flexagones, jeu de la vie, fractales...). Et puis, il y a aussi cette histoire sans prétention d'escargot..."
"","yes","El Jj","Sciences formelles / Maths / Problèmes Célèbres","problèmes célèbres","","N_cDA6tF-40","","","","Parce que, même si le problème est un peu plus connu, l'hôtel de Hilbert est infiniment cool, et l'argument de la diagonale de Cantor l'est strictement plus !"
"","yes","El Jj","Sciences formelles / Maths / Problèmes Célèbres","problèmes célèbres","","6RhyIp8jSj8","","","","Parce que Futurama est la seule série de science-fiction possédant des mathématiques avancées et une cyclope sexy..."
"","yes","El Jj","Sciences formelles / Maths / Problèmes Célèbres","problèmes célèbres","","ZGhSyVvOelg","","","","Un peu plus de deux minutes pour découvrir qui a bien pu tuer le duc de Densmore.
Heureusement, le théorème de Hajos est là pour aider les enquêteurs !"
"","yes","El Jj","Sciences formelles / Maths / Problèmes Célèbres","problèmes célèbres","","zxJzHzt9z3o","","","","Un peu plus de deux minutes pour ce problème qui joue finalement un rôle central dans la caractérisation des graphes planaires (théorème de Kuratowski)."
"","yes","El Jj","Sciences formelles / Maths / Problèmes Célèbres","problèmes célèbres","","41DD2V8UfzQ","","","","Tout tout tout, vous ne saurez pas tout sur le théorème de Gauss-Wantzel !"
"","yes","El Jj","Sciences formelles / Maths / Problèmes Célèbres","problèmes célèbres","","RqNCNqT3VBE","","","","(Un peu plus que) deux minutes pour parler du problème des boeufs d'Hélios !
(Désolé pour le son pourri, je tacherai de me procurer un vrai micro d'ici la prochaine vidéo...)"
"","yes","El Jj","Sciences formelles / Maths / Problèmes Célèbres","problèmes célèbres","","9Oa6TRY3H1g","","","","Peut-on démontrer le théorème de Pythagore en moins de deux minutes ? Bien sûr !..."